Name,Roll No,Department,Year,Email,Phone
Alia Kohli,IN001,Biotechnology,4th,tanyasubramaniam@hotmail.com,7715385472
Riaan Varkey,IN002,Biotechnology,1st,seher25@dyal.com,9869897412
Reyansh Sachar,IN003,Mechanical,2nd,tara54@wable.org,06828348761
Siya Kibe,IN004,IT,2nd,ivan39@hotmail.com,0153806627
Shaan Karnik,IN005,Electronics,1st,shraygoda@hotmail.com,02317987066
Manikya Kade,IN006,Mechanical,2nd,shlokdevan@sem-ramesh.org,1034904682
Ranbir Bhatt,IN007,Computer Science,2nd,ggola@wable.com,+911647042923
Pranay Desai,IN008,IT,3rd,reyanshkunda@saini.biz,0390877090
Tushar Contractor,IN009,IT,4th,eva19@wali.com,9148845875
Shanaya Datta,IN010,Computer Science,4th,abram93@yahoo.com,08068430707
Divij Chada,IN011,Electronics,4th,kandaeva@yahoo.com,07559769310
Jayesh Raj,IN012,Data Science,4th,goyalela@yahoo.com,02726888507
Zara Hari,IN013,IT,3rd,thamanvivaan@hayer.com,3643055234
Zeeshan Lad,IN014,Biotechnology,4th,stuvansrivastava@dhar-gade.com,1201624979
Mishti Shroff,IN015,Data Science,4th,kabirrege@agate.com,01248481743
Abram Dani,IN016,IT,1st,kartik45@gmail.com,8354106913
Romil Sagar,IN017,Biotechnology,2nd,armaan89@solanki.net,0218402616
Alisha Bakshi,IN018,Biotechnology,1st,himmatdhar@sant.org,03184679671
Ojas Choudhry,IN019,Computer Science,2nd,rohankuruvilla@yahoo.com,+913619987061
Parinaaz Varty,IN020,Biotechnology,1st,fsarma@sarraf.info,6682573052
Nirvi Kuruvilla,IN021,Electronics,3rd,ryandalal@chokshi.com,+915360193763
Adah Dugar,IN022,Mechanical,4th,survardaniya@yahoo.com,8120224677
Anahi Shankar,IN023,Computer Science,4th,nsastry@sule.com,08878039413
Rati Sabharwal,IN024,Mechanical,1st,eshani55@yahoo.com,07168780673
Gatik Majumdar,IN025,Biotechnology,1st,zaradani@yahoo.com,+913329005972
Diya Khatri,IN026,Civil,1st,pranay53@yahoo.com,+917007674821
Vedika Sharma,IN027,Electronics,4th,babuvivaan@badal-vasa.info,+916457946463
Krish Tara,IN028,IT,2nd,fatehloyal@hotmail.com,9265850449
Gatik Sen,IN029,Data Science,4th,xtalwar@kale.com,04292912569
Yuvraj  Sood,IN030,Electronics,4th,katadevansh@suri.com,04170382490
Miraya Sathe,IN031,Data Science,2nd,kvaidya@yahoo.com,09476300956
Nirvaan Yadav,IN032,Biotechnology,2nd,adiralanka@hotmail.com,9659949722
Jivin Gola,IN033,Data Science,1st,barmananahita@din.com,08305005509
Jiya Bedi,IN034,Data Science,2nd,surumang@yahoo.com,+911289214327
Nitya Basak,IN035,Computer Science,1st,piyaamble@gmail.com,02898185577
Kiaan Garg,IN036,Electronics,2nd,jivin34@mangat-lad.com,8998789786
Yashvi Chopra,IN037,Computer Science,2nd,yuvraj-dube@anand.net,03226492549
Pranay Jain,IN038,Computer Science,1st,mannazad@yahoo.com,+913049596587
Nayantara Roy,IN039,IT,3rd,varkeymishti@gmail.com,05467203408
Dharmajan Rattan,IN040,Biotechnology,1st,vivaanandra@hotmail.com,+917111220404
Ishaan Banik,IN041,Data Science,1st,dhingratushar@yahoo.com,+918805417896
Charvi Dara,IN042,Civil,1st,rluthra@salvi-bajwa.org,9641196357
Umang Bajaj,IN043,Civil,4th,vardaniyasur@saran.com,03414891401
Sana Walia,IN044,Biotechnology,2nd,bsolanki@gmail.com,7515707031
Pari Iyer,IN045,Civil,3rd,kiaan83@sharma.org,00094454295
Ivan Raj,IN046,IT,3rd,neysa26@dhingra-raja.biz,06483521253
Nayantara Varty,IN047,Civil,2nd,dbatta@gmail.com,+916071126059
Prerak Lall,IN048,Mechanical,4th,nirvijha@deshmukh.com,8410264603
Dharmajan Shere,IN049,Data Science,4th,advikmane@thaman.com,7885892746
Shayak Bandi,IN050,IT,4th,rbawa@sule.info,6969035025
Shaan Din,IN051,Computer Science,4th,ojasbhattacharyya@hotmail.com,+919333925429
Zain Kapadia,IN052,Computer Science,1st,nityadugal@kurian.com,+919507774600
Shanaya Kata,IN053,Civil,2nd,tusharchakrabarti@thakur.com,7438055388
Raghav Johal,IN054,Data Science,4th,anikacontractor@hotmail.com,+914068136195
Jayant Dara,IN055,Biotechnology,4th,ajaggi@kale.com,+918728557288
Advik Ram,IN056,Mechanical,1st,ayeshabose@ramaswamy.com,+913497443019
Hazel Dash,IN057,Civil,4th,sureshnitya@yahoo.com,+919536580015
Eva Ranganathan,IN058,Civil,2nd,aradhyaarya@gmail.com,+910757525184
Tushar Tara,IN059,Data Science,2nd,hiranroy@sawhney.com,+914837582452
Dharmajan Yohannan,IN060,Biotechnology,2nd,biju37@shankar.net,+919041304217
Raunak Kaur,IN061,Electronics,3rd,umane@gmail.com,9159636509
Tushar Sane,IN062,Mechanical,2nd,adiravig@gmail.com,8873642397
Ivan Chaudhry,IN063,Biotechnology,2nd,uthkarshkunda@gmail.com,+914845295503
Indrajit Chakrabarti,IN064,Computer Science,1st,vmane@yahoo.com,+910519210717
Ritvik Sengupta,IN065,Biotechnology,1st,sbadal@yahoo.com,+918661621234
Mohanlal Goyal,IN066,Computer Science,1st,tiwarianya@mani.com,07439263586
Biju Setty,IN067,Civil,4th,abram22@yahoo.com,+911361999188
Anahita Taneja,IN068,Data Science,3rd,elad@keer.com,09921215050
Diya Tandon,IN069,Data Science,3rd,khushi79@balan.com,06258241520
Tanya Brahmbhatt,IN070,Biotechnology,4th,reddyshanaya@hotmail.com,+910407473061
Dharmajan Walla,IN071,Electronics,4th,anyadash@yadav-bandi.com,02957744365
Purab Bajwa,IN072,Biotechnology,4th,hansh50@shere.com,03188028764
Shayak Karpe,IN073,Mechanical,1st,trishakohli@hotmail.com,08048872829
Sahil Aggarwal,IN074,Data Science,1st,ehsaanyohannan@gmail.com,02682005604
Khushi Karpe,IN075,Mechanical,4th,rajfarhan@sathe.org,+914109681986
Divit Shankar,IN076,Data Science,1st,acharyajiya@gmail.com,08597117789
Diya Barad,IN077,Computer Science,3rd,ldutta@hotmail.com,05622302263
Kismat Yadav,IN078,Civil,3rd,ahujaaarav@aggarwal.com,06676514432
Kimaya Jaggi,IN079,Electronics,1st,bhavin23@hotmail.com,+913018018320
Prisha Sarna,IN080,IT,1st,zaramagar@shenoy-bala.com,04129905413
Mamooty Mallick,IN081,Data Science,1st,nityachaudhari@hotmail.com,+910432433905
Aarav Bhatnagar,IN082,Biotechnology,1st,gkuruvilla@karnik-dalia.com,4979398519
Anaya Sahni,IN083,Electronics,1st,kkaur@hotmail.com,+916408923669
Raunak Datta,IN084,Mechanical,2nd,varkeyela@zacharia.org,06520118351
Taimur Gupta,IN085,IT,1st,pranaysodhi@gulati.com,03163152127
Ryan Agarwal,IN086,Computer Science,4th,gokhalegatik@yahoo.com,08260751479
Drishya Rau,IN087,Data Science,2nd,umang70@jain.com,03982004694
Taimur Choudhry,IN088,Mechanical,4th,rohansheth@gmail.com,07022800977
Jiya Basak,IN089,Biotechnology,1st,xkunda@hotmail.com,+914412698753
Tushar Gulati,IN090,Computer Science,4th,kabirsubramaniam@gmail.com,0463267188
Lagan Yohannan,IN091,IT,3rd,braja@yahoo.com,7804931099
Armaan Ramanathan,IN092,Mechanical,4th,divij04@sachdev.org,+914062546133
Gatik Khatri,IN093,Biotechnology,4th,drishyabhattacharyya@yahoo.com,+913178629683
Chirag Rajagopal,IN094,Mechanical,3rd,raghav31@sekhon-dass.biz,+919913752140
Taran Sharaf,IN095,Data Science,1st,ranganathanadvika@hotmail.com,2753125564
Trisha Date,IN096,Biotechnology,3rd,mohanlalsingh@jha.com,+916765353743
Reyansh Bhalla,IN097,Electronics,2nd,sana50@badami.com,6021125262
Prerak Arya,IN098,Biotechnology,4th,pmall@hotmail.com,+912116956823
Krish Bains,IN099,Computer Science,4th,indranilvarughese@hotmail.com,03517223820
Saanvi Kurian,IN100,Civil,3rd,vedika62@tata-toor.biz,+919888981950
Raghav Borra,IN101,Data Science,2nd,bhatiamanjari@barad.info,+912564276075
Heer Verma,IN102,Mechanical,2nd,dhanukshukla@yahoo.com,2429726263
Adah Ranganathan,IN103,IT,4th,sgera@hotmail.com,08307613917
Divij Bhalla,IN104,Civil,1st,surrohan@majumdar.com,9737312754
Diya Batra,IN105,Biotechnology,4th,aniruddh78@thakur.info,+918275207264
Alisha Sama,IN106,Civil,4th,wkrish@hotmail.com,+917965553394
Tiya Walla,IN107,IT,2nd,kulkarnikhushi@hotmail.com,+915051247198
Jhanvi Ganguly,IN108,Data Science,4th,ryankurian@venkataraman.com,00146859340
Dishani Chacko,IN109,Civil,1st,goletiya@yahoo.com,+911444801598
Shalv Bassi,IN110,Computer Science,4th,madhavwalla@hotmail.com,+914981675825
Shaan Dara,IN111,Mechanical,1st,parigupta@zacharia-balan.com,3634550865
Manjari Anne,IN112,Mechanical,2nd,jthakkar@chanda.biz,9459961011
Abram Borra,IN113,Civil,2nd,adirasahni@hotmail.com,02672332624
Ayesha Dugar,IN114,Biotechnology,1st,dararania@yahoo.com,6095383794
Bhavin Bhalla,IN115,Civil,2nd,dsama@majumdar.info,2605780287
Samiha Dara,IN116,Electronics,3rd,raunakkothari@lanka.com,+917498251325
Badal Barman,IN117,Computer Science,4th,kalataran@hotmail.com,08959410042
Ishaan Bhakta,IN118,IT,4th,mandneelofar@biswas-mallick.com,+912428224526
Taran Cheema,IN119,Mechanical,2nd,qdevi@issac.com,+910645057051
Ritvik Saini,IN120,Biotechnology,3rd,lbanik@bahri.com,+911504870820
Yasmin Sodhi,IN121,Mechanical,4th,psoni@yahoo.com,2708769837
Alisha Varty,IN122,Mechanical,3rd,kiarahans@gmail.com,+918086471145
Nayantara Barad,IN123,Mechanical,1st,senguptadhanuk@luthra-varty.net,+917734499460
Dhanush Arya,IN124,IT,3rd,shlok77@hotmail.com,03672666803
Umang Tiwari,IN125,Biotechnology,2nd,nishithbose@guha.com,+916742120690
Advika Garde,IN126,Data Science,2nd,hboase@hotmail.com,04505167329
Alia Vig,IN127,Mechanical,1st,mohanlalmangal@hotmail.com,+917877068782
Lavanya Sethi,IN128,Electronics,1st,choudharyvihaan@hotmail.com,7247337928
Vritika Manne,IN129,Data Science,2nd,chaudrypurab@gmail.com,03908904608
Amani Agrawal,IN130,Civil,3rd,nsarraf@magar.org,07542327441
Ishaan Goyal,IN131,Biotechnology,2nd,yuvaan18@mangat.com,+919635914124
Dhanuk Dhar,IN132,Computer Science,4th,vsehgal@yahoo.com,+911364849442
Myra Bala,IN133,Electronics,2nd,dbali@chaudhry-baral.com,8534681327
Urvi Koshy,IN134,Mechanical,3rd,trivedidivyansh@yahoo.com,04766056763
Rati Chahal,IN135,Civil,1st,rsaha@dhawan-raju.com,06855804541
Sara Kakar,IN136,Electronics,1st,elakshirajan@solanki.net,+916839279935
Aniruddh Bhakta,IN137,IT,2nd,devanpihu@sarma-baria.com,9746097953
Armaan Sibal,IN138,Electronics,3rd,uthkarshdara@sandhu-varkey.com,+916845465599
Khushi Malhotra,IN139,Computer Science,4th,bhavin77@yahoo.com,08054944174
Eshani Vaidya,IN140,Civil,4th,inaaya-kapadia@dalia-warrior.com,8262148440
Ryan Gulati,IN141,Data Science,3rd,deshpandejayan@khanna-devi.com,3720233637
Ehsaan Tandon,IN142,Electronics,2nd,eshani04@venkataraman.com,+915301376908
Kimaya Dass,IN143,Civil,1st,vhalder@gmail.com,3272644243
Kiara Bora,IN144,Data Science,3rd,mahika30@gmail.com,+911031935981
Anvi Dass,IN145,Electronics,4th,mannatandra@yahoo.com,5960217437
Trisha Balakrishnan,IN146,Electronics,4th,ivana41@randhawa-raju.com,0128659551
Kismat Bail,IN147,IT,3rd,anyadugar@dani.org,5190326838
Purab Agrawal,IN148,Data Science,3rd,ddevi@kota-sarraf.com,4731587334
Aarush Kala,IN149,Electronics,2nd,hrishita54@hotmail.com,0661137098
Lavanya Majumdar,IN150,Mechanical,4th,udani@yahoo.com,+916353365858
Faiyaz Sethi,IN151,Computer Science,2nd,jhanvighose@agarwal-agate.com,5666854411
Gokul Swaminathan,IN152,Electronics,2nd,manjarichada@hotmail.com,+918779228868
Krish Khanna,IN153,IT,1st,khoslaveer@kulkarni.com,+913601975328
Zeeshan Chad,IN154,Biotechnology,4th,rbiswas@seshadri.org,+916076493395
Divyansh Iyer,IN155,Electronics,4th,ahanda@dube.net,+911494035485
Kaira Dube,IN156,Civil,4th,raoanahi@gmail.com,8482390678
Rasha Jayaraman,IN157,Biotechnology,1st,chadhaarhaan@gmail.com,+914364783140
Arhaan Doctor,IN158,Electronics,3rd,armaan81@hotmail.com,08318097322
Aaryahi Yadav,IN159,Computer Science,4th,nrege@hotmail.com,9214668918
Yuvraj  Deo,IN160,Computer Science,1st,kgala@rau.com,4913283365
Adira Brar,IN161,IT,2nd,samraprisha@khanna.com,+915695467114
Indranil Salvi,IN162,Data Science,3rd,ira78@sur.biz,1386676625
Mamooty Karnik,IN163,Mechanical,4th,drishya45@ravel-kalita.biz,+913884574405
Anya Lad,IN164,Computer Science,1st,ydixit@wali.com,+917813252936
Heer Lall,IN165,Mechanical,2nd,armaanbalay@gmail.com,9374812215
Diya Sastry,IN166,IT,1st,pthakur@hotmail.com,09211451370
Nakul Agarwal,IN167,Data Science,1st,kavya31@sarkar.com,03077344451
Damini Loyal,IN168,Mechanical,1st,xsuresh@bansal.net,05008944152
Rania Chadha,IN169,Mechanical,4th,kartik36@gmail.com,04806618819
Anahi Balakrishnan,IN170,Data Science,4th,bsagar@chopra-doctor.com,00929071600
Samiha Andra,IN171,Electronics,2nd,qkapur@sen.com,1475522747
Biju Bajaj,IN172,Biotechnology,3rd,yasmingala@kaur-chad.com,05477428114
Samiha Divan,IN173,Civil,4th,zeeshantandon@hotmail.com,+918117044579
Indrans Krishnan,IN174,Computer Science,3rd,cbir@hotmail.com,05115243522
Eva Barad,IN175,Electronics,1st,jiya36@gmail.com,02271061777
Nitya Verma,IN176,IT,4th,pranaysura@gmail.com,03646956303
Samar Mangat,IN177,IT,4th,ranganathanraghav@choudhury-gour.com,9904687752
Vanya Mahal,IN178,Biotechnology,3rd,tushar44@sundaram.com,07301082827
Zeeshan Lala,IN179,Computer Science,2nd,upadhyayindrans@hotmail.com,6423435524
Madhav Batra,IN180,Electronics,2nd,anahita72@sethi.com,5521989444
Ela Sarin,IN181,Electronics,2nd,manjari12@borde.com,+910073874232
Aaryahi Handa,IN182,Electronics,4th,tankjiya@shah.com,+917836696028
Samar Sarma,IN183,IT,3rd,jkumer@gmail.com,5466250662
Shaan Agarwal,IN184,Civil,4th,dalalkeya@doshi.com,9794411568
Nirvi Sankar,IN185,Data Science,2nd,tshetty@yahoo.com,+914743093221
Pihu Ghose,IN186,Computer Science,4th,piyachaudhuri@hotmail.com,08063946834
Piya Vala,IN187,IT,4th,sahilaggarwal@gmail.com,+913779070920
Keya Korpal,IN188,Computer Science,4th,elachanda@mahal.info,5041931656
Armaan Salvi,IN189,Computer Science,4th,dhanushwali@yahoo.com,6559376305
Riya Yadav,IN190,Computer Science,4th,rashabatta@gokhale-sharma.biz,03922562614
Tiya Chad,IN191,Civil,3rd,hansh16@yahoo.com,+916771678265
Aarna Kapoor,IN192,Computer Science,2nd,hbir@sheth-chander.com,05051064745
Anya Sha,IN193,Civil,2nd,borahdivyansh@gupta.com,8235264926
Vivaan Kuruvilla,IN194,Mechanical,3rd,baijuvarkey@sastry.com,+917630566276
Suhana Maharaj,IN195,Electronics,2nd,nirvidayal@hotmail.com,8008463155
Azad Saini,IN196,Electronics,1st,gopalsamarth@yahoo.com,+917868395388
Raunak Chana,IN197,IT,3rd,stuvangoel@yahoo.com,2467654968
Raghav Dash,IN198,Electronics,3rd,dharhazel@hotmail.com,08031743886
Elakshi Saha,IN199,Data Science,1st,shaan93@dutt-som.biz,+910512611425
Yakshit Thaker,IN200,Computer Science,3rd,bainsseher@dubey-saha.net,02839655622
Jivin Bava,IN201,Data Science,3rd,sagaranika@gandhi-mani.com,02977397246
Kavya Borra,IN202,Biotechnology,3rd,eshani91@gmail.com,01167085041
Aarav Subramaniam,IN203,Electronics,4th,jayanaggarwal@jayaraman.com,07905287688
Romil Chakrabarti,IN204,Civil,2nd,bhallaira@chadha.net,+919829767144
Parinaaz Khurana,IN205,Electronics,1st,divit96@yogi-mahal.com,+912465731802
Reyansh Hans,IN206,Computer Science,2nd,samarth65@divan.org,+918702304899
Eshani Ahluwalia,IN207,Electronics,2nd,ekala@gmail.com,+919313977195
Anay Bhandari,IN208,Biotechnology,3rd,advik18@yahoo.com,3874866739
Tejas Thakur,IN209,Data Science,2nd,singhdhanuk@devan.com,5718206111
Divij Kant,IN210,Biotechnology,4th,rkakar@yahoo.com,6606310692
Saanvi Keer,IN211,Biotechnology,3rd,ivana65@issac.com,04244375899
Nirvi Varkey,IN212,Biotechnology,4th,vmammen@yahoo.com,02203047993
Inaaya  Butala,IN213,Biotechnology,2nd,bathheer@hotmail.com,9064925370
Chirag Magar,IN214,Mechanical,4th,amiraswaminathan@hotmail.com,3576068590
Vardaniya Buch,IN215,Biotechnology,3rd,rheakant@walia.com,05556874259
Shayak Barad,IN216,IT,1st,karnikoorja@yahoo.com,3085461971
Aradhya Gupta,IN217,Civil,2nd,drishyarout@hotmail.com,07536546672
Alisha Chaudhari,IN218,Mechanical,3rd,ckashyap@yahoo.com,+917603815187
Shalv Setty,IN219,Data Science,3rd,lalkrish@hotmail.com,08492309585
Zain Mannan,IN220,Mechanical,4th,latasuhana@gmail.com,+919932437341
Badal Tara,IN221,Electronics,2nd,heer03@wable.info,1185056126
Shalv Thaman,IN222,Mechanical,3rd,butalataimur@hotmail.com,+915324996414
Samaira Ram,IN223,Biotechnology,3rd,manikyakhanna@gmail.com,+916256450340
Alisha Hegde,IN224,IT,3rd,manikya74@goyal.com,05733961251
Kiaan Kaur,IN225,Computer Science,2nd,eissac@mannan.com,5771145655
Renee Bakshi,IN226,Electronics,4th,ivanramesh@karan.com,05644307692
Azad Banik,IN227,Biotechnology,2nd,dlad@baria-shan.com,01031040285
Oorja Atwal,IN228,Civil,3rd,dalalnirvaan@char.com,+913894554545
Samar Kara,IN229,Civil,3rd,nishithchoudhury@deshpande-kapoor.com,+913541976469
Sana Dada,IN230,Mechanical,3rd,zoya55@yahoo.com,+913390238125
Ojas Basu,IN231,Data Science,1st,sana72@gour.com,1318845197
Riya Mall,IN232,Computer Science,3rd,zoyayohannan@hotmail.com,05838088500
Vaibhav Chad,IN233,Electronics,2nd,zsarna@hotmail.com,9924111692
Akarsh Mani,IN234,Electronics,4th,kuruvillaindranil@mangal.com,+910469562859
Ranbir Dugar,IN235,Civil,1st,bhamini37@choudhury.com,05880927141
Kavya Bahri,IN236,IT,3rd,semheer@anne.com,5806147440
Hansh Thakur,IN237,Electronics,2nd,ivana96@kothari-bumb.com,1408592642
Hrishita Reddy,IN238,Biotechnology,2nd,dharmajanchopra@gmail.com,08745970343
Arhaan Sem,IN239,Mechanical,3rd,dhanush59@sekhon.com,06108277398
Miraya Andra,IN240,Biotechnology,2nd,darshitbatta@hotmail.com,09254395987
Jayant Sur,IN241,IT,4th,sakshamkhalsa@kadakia.com,4800718439
Vaibhav Batra,IN242,Mechanical,4th,kbakshi@hari-deo.com,08312871374
Anika Rastogi,IN243,Electronics,1st,kmand@jayaraman.com,00713819356
Adira Ganesh,IN244,Mechanical,2nd,ykrishna@yogi.com,+915351083940
Shlok Mangal,IN245,Computer Science,2nd,wasonpihu@yahoo.com,+917464229010
Ishita Randhawa,IN246,Mechanical,4th,bhallaeshani@yahoo.com,+919949324030
Vritika Gopal,IN247,Computer Science,4th,mirayagara@yahoo.com,0208909325
Myra Buch,IN248,Biotechnology,3rd,kumarlakshay@vig.biz,8905176612
Damini Das,IN249,Data Science,3rd,dharmajan76@yahoo.com,+917801470345
Amira Sura,IN250,IT,4th,indranilchand@bains.com,03625093541
Bhavin Warrior,IN251,Mechanical,2nd,jgoyal@gmail.com,5401154770
Dharmajan Sood,IN252,Electronics,4th,prerak20@bose-deol.biz,05846448715
Riya Rama,IN253,Biotechnology,3rd,gloke@yahoo.com,+917576450898
Vardaniya Ahuja,IN254,Data Science,2nd,sararajan@uppal.info,7440061991
Hiran Sekhon,IN255,Electronics,3rd,alia50@sekhon.com,02359827976
Mohanlal Sen,IN256,Electronics,3rd,tushar59@gmail.com,+913784478683
Saanvi Ramaswamy,IN257,IT,1st,aarush00@yahoo.com,03485325558
Yuvraj  Shetty,IN258,IT,4th,faiyaz03@yahoo.com,07803706002
Abram Sunder,IN259,Civil,4th,xsharma@ben.info,6164118310
Aradhya Sani,IN260,Biotechnology,3rd,butalamisha@yahoo.com,7304894820
Shamik Chada,IN261,Computer Science,1st,mishti23@hotmail.com,4605059592
Hansh Kar,IN262,Mechanical,1st,jainamira@hotmail.com,0044386376
Jhanvi Chacko,IN263,Civil,1st,bariainaaya@ramachandran.org,+910290973358
Kiara Dugar,IN264,Civil,4th,ranbirguha@gmail.com,04809189366
Ehsaan Hayer,IN265,Biotechnology,2nd,vsanghvi@gmail.com,6746886564
Alia Mallick,IN266,Mechanical,1st,ganesanpranay@joshi-chokshi.com,4012281865
Mahika Comar,IN267,Biotechnology,4th,riaanganesan@mall-sem.com,4113738553
Riya Sagar,IN268,Electronics,3rd,achhabra@hotmail.com,05870532640
Badal Babu,IN269,IT,1st,bhavinvala@gmail.com,+912407030077
Indrajit Mahajan,IN270,Mechanical,3rd,tiya96@yahoo.com,+910886807425
Romil Bala,IN271,Electronics,3rd,azadseth@hotmail.com,02066891742
Ritvik Kulkarni,IN272,Electronics,1st,biyer@gmail.com,4457739726
Yuvaan Sheth,IN273,Civil,1st,armaanghose@hotmail.com,+911930336936
Tanya Vohra,IN274,Data Science,3rd,eshanibalan@gade.org,3446057554
Mishti Kari,IN275,Civil,2nd,darshit27@bhatia-mahal.org,+917326318468
Eva Chad,IN276,Data Science,4th,guptaamira@hayre-kapur.org,+914120590078
Pranay De,IN277,IT,1st,armaanbalasubramanian@gmail.com,05662675329
Ivana Bath,IN278,Computer Science,4th,xganesan@gmail.com,00506906018
Mannat De,IN279,Civil,1st,yashvibajwa@choudhary.net,+916042539014
Saira Kala,IN280,IT,3rd,tsandhu@hotmail.com,01779626518
Mishti Ghosh,IN281,Mechanical,4th,romil39@sura.com,+919032810113
Stuvan Dash,IN282,Mechanical,2nd,kiara73@gmail.com,+915018568409
Stuvan Vaidya,IN283,IT,1st,lsawhney@yahoo.com,3761290967
Trisha Malhotra,IN284,Data Science,2nd,krish92@hotmail.com,+912453507554
Heer Ravel,IN285,Civil,4th,fbuch@krishna.com,+912273873580
Gatik Dhingra,IN286,Computer Science,4th,otank@dey.com,+916247156318
Anaya Andra,IN287,Biotechnology,1st,bhandaririya@kumar.com,07455202471
Seher Banerjee,IN288,Electronics,4th,siya95@yahoo.com,6465307976
Badal Kala,IN289,Computer Science,3rd,karankhushi@shenoy-mander.info,+912672946840
Himmat Sankaran,IN290,Mechanical,4th,joshishray@hotmail.com,8393772821
Keya Ravel,IN291,IT,4th,shanayasaran@yahoo.com,+910631457374
Riaan Lata,IN292,Biotechnology,2nd,rohan05@biswas-rege.com,2680807066
Jayesh Ramakrishnan,IN293,IT,2nd,farhan04@mangal.com,7101743409
Nitara Badal,IN294,Electronics,2nd,vritika11@bumb.biz,05955393660
Jayan Jaggi,IN295,Computer Science,3rd,shaankhalsa@hotmail.com,02995585812
Ritvik Kar,IN296,Data Science,2nd,neysa56@yahoo.com,2133605740
Navya Sengupta,IN297,Civil,4th,ilal@gmail.com,+918570524397
Neysa Sunder,IN298,Mechanical,3rd,shankeranvi@balasubramanian.com,+910187109174
Samiha Bajaj,IN299,Biotechnology,1st,hanshsarma@yahoo.com,02735622590
Hridaan Goyal,IN300,Computer Science,4th,strivedi@hotmail.com,3096913868
Advik Chaudhary,IN301,Computer Science,4th,ztoor@hotmail.com,01070925213
Romil Kannan,IN302,Electronics,4th,dhanush62@majumdar-bansal.com,07146284915
Arhaan Saran,IN303,Biotechnology,4th,baralkrish@raval.org,09961339387
Arnav Sekhon,IN304,Computer Science,1st,wkalita@kade.net,02750974976
Samaira Dutt,IN305,Civil,4th,alisharamachandran@reddy-kar.biz,07167365991
Suhana Dube,IN306,Biotechnology,3rd,balakrishnanbaiju@gmail.com,3964462240
Yakshit Ahuja,IN307,IT,2nd,buchelakshi@yahoo.com,4039183812
Dharmajan Krishnamurthy,IN308,Computer Science,3rd,pmaharaj@goswami.net,05408997579
Kashvi Contractor,IN309,Biotechnology,3rd,mishashetty@dhaliwal.com,07467619796
Ranbir Shanker,IN310,Electronics,1st,mannatchada@gmail.com,+911870999637
Ela Krishnamurthy,IN311,IT,1st,ssarraf@upadhyay-balakrishnan.com,8695163533
Hiran Tank,IN312,Electronics,2nd,tbhatnagar@jaggi.com,+912599578576
Parinaaz Kala,IN313,Electronics,1st,uthkarsh81@garg-sankaran.com,1134430439
Lagan Sethi,IN314,Data Science,2nd,bailamani@kothari.com,04200848594
Lagan Rana,IN315,Computer Science,4th,rastogilakshit@karpe-karan.com,6195074857
Kartik Jhaveri,IN316,Mechanical,4th,priyanshkamdar@yahoo.com,+914709756491
Rhea Hegde,IN317,Civil,4th,sbose@kulkarni.biz,+916296976326
Zaina Gaba,IN318,Civil,2nd,okalla@doctor.com,+910160751156
Neysa Varma,IN319,Electronics,2nd,echandran@yahoo.com,6378650821
Hiran Shroff,IN320,IT,3rd,sdyal@gmail.com,02457540737
Mehul Sharma,IN321,IT,2nd,manepriyansh@bhavsar.info,03539263010
Chirag Golla,IN322,Civil,1st,gokhaleakarsh@wali-kala.com,4542830388
Miraya Arya,IN323,Data Science,1st,karipihu@yahoo.com,+912630050495
Zaina Char,IN324,Computer Science,1st,sanalata@hotmail.com,+919024771219
Tushar Buch,IN325,Civil,2nd,priyanshbajwa@yahoo.com,+910329493843
Dhanuk Aggarwal,IN326,Biotechnology,2nd,sridharkavya@hotmail.com,7469350152
Aradhya Bhavsar,IN327,IT,2nd,seher29@karan.com,+913420663397
Vidur Jha,IN328,IT,3rd,doshipranay@solanki.info,+911245158248
Miraya Vora,IN329,Electronics,4th,bhandarinishith@yogi-shankar.com,06378247577
Vritika Apte,IN330,Civil,2nd,maharajbiju@yahoo.com,00553226765
Indrans Rana,IN331,Civil,4th,rohan13@yahoo.com,02108382302
Manikya Khosla,IN332,Mechanical,1st,trisha51@yahoo.com,6160164052
Reyansh Sem,IN333,Biotechnology,3rd,vsubramaniam@gmail.com,07699430890
Saira Kata,IN334,Electronics,3rd,kiara41@gmail.com,+913927327872
Romil Singhal,IN335,Computer Science,4th,deshmukhhiran@krishna.biz,+916368402581
Baiju Lala,IN336,Biotechnology,2nd,rasha14@gmail.com,+919108921856
Amani Bhatti,IN337,Civil,1st,eshroff@yahoo.com,07414461500
Reyansh Sangha,IN338,Mechanical,3rd,tbawa@hotmail.com,09142447597
Lagan Edwin,IN339,Biotechnology,4th,sureshtarini@dhar.com,02312850612
Sara Sengupta,IN340,Computer Science,1st,jayantswamy@gmail.com,2604554129
Dishani Tella,IN341,Data Science,2nd,chandakabir@gmail.com,+911798987044
Aayush Walia,IN342,Civil,1st,wlala@hotmail.com,+917846751097
Heer Wadhwa,IN343,Computer Science,3rd,aniruddhvora@hotmail.com,09268672868
Saira Gade,IN344,Civil,1st,ira11@yahoo.com,+918563951378
Mishti Dasgupta,IN345,Electronics,3rd,qsalvi@yahoo.com,+919670225026
Adira Kakar,IN346,Computer Science,4th,yadavdarshit@hotmail.com,+913547402740
Alia Dada,IN347,Mechanical,4th,kdevan@ganguly.org,+911863647887
Zara Edwin,IN348,IT,4th,tejasbail@lalla.org,+912877222476
Azad Gara,IN349,IT,3rd,madhupwalia@gmail.com,+913132252576
Faiyaz Bhavsar,IN350,Data Science,3rd,navyagara@dhillon.com,03844559605
Ira Dhingra,IN351,Data Science,2nd,xanand@hotmail.com,4086816137
Mamooty Saha,IN352,Civil,4th,arnavchar@gmail.com,01703175842
Himmat Bains,IN353,Computer Science,3rd,dsom@cheema-kibe.com,6671671627
Zain Sankaran,IN354,IT,1st,tejas59@dhaliwal-kara.com,+913469593182
Kavya Ratti,IN355,Data Science,2nd,vigsaira@deshpande.com,00025350652
Navya Chana,IN356,Mechanical,4th,bhavintella@gmail.com,05094164304
Rasha Dugar,IN357,IT,2nd,magarfateh@gmail.com,9279854077
Jayesh Sant,IN358,Computer Science,2nd,divijandra@krish.com,+914692721563
Khushi Kade,IN359,Data Science,2nd,dchana@yahoo.com,+916939259555
Kabir Barad,IN360,Electronics,4th,hvenkataraman@keer.com,+913471680813
Advik Reddy,IN361,Data Science,3rd,sodhialisha@tata.com,06145231492
Advika Korpal,IN362,Biotechnology,3rd,chakrabartistuvan@sem.com,9490040874
Saksham Gaba,IN363,Biotechnology,4th,kkoshy@hotmail.com,5887024884
Indrans Bhagat,IN364,Electronics,4th,khushi63@gmail.com,02384384777
Nehmat Basu,IN365,Computer Science,1st,raghavmander@salvi.biz,7826082354
Alisha Barad,IN366,Civil,3rd,arhaan24@yahoo.com,05305117613
Reyansh Mall,IN367,Data Science,3rd,ulall@anne.biz,+917112980454
Tara Bassi,IN368,Biotechnology,2nd,pari95@gaba.org,5258057186
Ranbir Master,IN369,Electronics,3rd,tara76@hotmail.com,+914727033009
Yakshit Kashyap,IN370,Civil,3rd,balayaaryahi@loke.com,+912843457830
Shayak Cheema,IN371,IT,2nd,wluthra@rastogi-rana.biz,7016743110
Eva Kant,IN372,IT,3rd,zara58@jhaveri.com,04467650164
Darshit Mahajan,IN373,Electronics,2nd,mandalvihaan@walia.com,+913357482437
Kashvi Zachariah,IN374,Civil,2nd,vtrivedi@hotmail.com,3565088336
Mannat Sinha,IN375,Mechanical,3rd,vyaspari@yahoo.com,+915500541261
Adira Kumer,IN376,Electronics,3rd,sumer81@hotmail.com,+912027276959
Prerak Chandran,IN377,Electronics,3rd,prerakkaran@zachariah.com,+916069768681
Romil Kunda,IN378,Electronics,3rd,ramaswamyadah@yahoo.com,03193860872
Aaryahi Chandra,IN379,Electronics,4th,adiradesai@gmail.com,5651724328
Vardaniya Varughese,IN380,Civil,4th,deydarshit@walia.net,00674142264
Seher Acharya,IN381,Computer Science,4th,kardivij@gmail.com,+912211748998
Amira Sahota,IN382,Data Science,3rd,tbiswas@yahoo.com,5841060768
Vedika Dhar,IN383,Mechanical,2nd,tiyachatterjee@yahoo.com,01479185291
Mamooty Dhawan,IN384,Data Science,2nd,karpedivij@gmail.com,9941225484
Bhavin Rastogi,IN385,Civil,4th,nishith12@yahoo.com,+912595389412
Zeeshan Baria,IN386,Electronics,4th,boraaarush@mangal.com,00744686360
Manikya Shetty,IN387,IT,2nd,ubehl@yahoo.com,06785266008
Aayush Keer,IN388,Biotechnology,2nd,borahmanikya@sarna-dar.org,04063627605
Adah Cherian,IN389,Biotechnology,2nd,eshanikhosla@hotmail.com,03792334878
Rania Contractor,IN390,IT,3rd,ubutala@hotmail.com,03707334680
Shayak Dayal,IN391,Mechanical,1st,hrishita67@hotmail.com,+919446488926
Kiaan Ram,IN392,Electronics,1st,aarushbhandari@jaggi-roy.org,1732344634
Shlok Kala,IN393,Data Science,1st,elakshi45@dua.biz,+919687060740
Amira Thakkar,IN394,Data Science,2nd,edesai@balay.com,4483325384
Navya Deep,IN395,Civil,2nd,ddara@dutt-sandhu.com,06299578121
Divij Barman,IN396,Electronics,1st,raunakbassi@bose.info,8003278214
Himmat Doshi,IN397,Electronics,3rd,kamdardrishya@gmail.com,9622250112
Madhav Rao,IN398,Mechanical,3rd,zbasak@shetty.org,5047797382
Kimaya Mallick,IN399,IT,1st,shaneva@bail-kade.info,02480962088
Baiju Chandran,IN400,IT,4th,ranbir22@hotmail.com,03670966373
Raunak Gokhale,IN401,Electronics,4th,rajanmyra@gera.info,01337083848
Vardaniya Amble,IN402,Mechanical,3rd,aradhyadhingra@sethi.org,04153722441
Armaan Toor,IN403,IT,2nd,damini55@lad.org,+916892967718
Aarav Jha,IN404,Data Science,4th,sedwin@anand.biz,7529722662
Zara Kalla,IN405,Data Science,3rd,deshmukhkeya@dave-acharya.com,6096955289
Nayantara Sule,IN406,Biotechnology,4th,anaydhar@gmail.com,+915929607461
Aaina Sawhney,IN407,Electronics,1st,mchaudhari@gmail.com,2148136747
Nirvi Walia,IN408,Biotechnology,1st,aarna70@bhasin.com,0897748255
Oorja Vyas,IN409,Data Science,2nd,raujhanvi@sethi-choudhary.com,+910079862000
Advika Balan,IN410,Civil,4th,chanderarnav@hotmail.com,5851904441
Saira Rege,IN411,Mechanical,3rd,tejassubramanian@yahoo.com,0280821828
Nehmat Kalla,IN412,Data Science,4th,nsethi@warrior.com,+915206024187
Pari Dugal,IN413,IT,3rd,dishaniloyal@ghosh.biz,2671515873
Ritvik Sampath,IN414,IT,2nd,halderyuvaan@karpe.com,9880210322
Emir Bajwa,IN415,Data Science,2nd,jthaman@ramachandran-bail.biz,06462904759
Vanya Sibal,IN416,Computer Science,4th,chawlayuvaan@hotmail.com,09341478417
Armaan Dixit,IN417,Mechanical,1st,yuvaanchar@majumdar-comar.com,08810662377
Badal Sane,IN418,Computer Science,1st,bahlzoya@gmail.com,5388668751
Vaibhav Seshadri,IN419,Electronics,4th,rastogidivij@toor.com,4260575424
Madhup Saha,IN420,Biotechnology,4th,prajan@yahoo.com,+915330084498
Saksham Dhar,IN421,Biotechnology,1st,prishasawhney@subramanian.com,02230947478
Adah Yogi,IN422,Data Science,2nd,nitaradeshpande@gmail.com,04643925113
Zeeshan Ganguly,IN423,Computer Science,4th,manjari26@gmail.com,+916058355123
Piya Khosla,IN424,Civil,3rd,sairamaharaj@hotmail.com,05832454746
Drishya Sarkar,IN425,Data Science,4th,bhagatneelofar@hotmail.com,00351052560
Bhamini Jain,IN426,Biotechnology,3rd,rbarad@hegde.com,1629571194
Biju Raj,IN427,Data Science,3rd,hbala@gmail.com,7905013569
Purab Bhat,IN428,Civil,1st,prajagopal@hotmail.com,01841695317
Indranil Balan,IN429,Civil,2nd,khari@hotmail.com,+912088338920
Jivin Shukla,IN430,IT,4th,fanne@yahoo.com,08542157312
Vaibhav Hora,IN431,Mechanical,1st,bordeeshani@yahoo.com,+914469313875
Vritika Deshpande,IN432,Biotechnology,2nd,eshani03@ahuja.com,8616436756
Kiaan Wagle,IN433,Biotechnology,4th,raghavamble@kamdar-chopra.com,+911243147787
Hrishita Dhawan,IN434,Mechanical,2nd,uzacharia@lanka-sem.com,02181928122
Mohanlal Goel,IN435,Data Science,3rd,galaakarsh@chander-balakrishnan.com,+913768628306
Dishani Walia,IN436,Electronics,3rd,mishtibobal@gmail.com,01806464305
Raghav Tata,IN437,Electronics,3rd,azadben@bail.biz,06073136175
Gatik Chhabra,IN438,IT,3rd,riya64@gmail.com,+911260461174
Aarush Khurana,IN439,Electronics,1st,krish71@chatterjee.com,+911636275043
Ryan Suri,IN440,Data Science,3rd,aaryahibarad@goswami.com,06052567927
Vardaniya Devan,IN441,Civil,2nd,seherchad@gmail.com,+910268706191
Tarini Jha,IN442,Electronics,2nd,bhavin63@gmail.com,7878336768
Nirvaan Seth,IN443,Mechanical,2nd,siya75@gmail.com,01547844672
Shray Mallick,IN444,Biotechnology,2nd,jahluwalia@yahoo.com,01194930879
Ayesha Mandal,IN445,Computer Science,2nd,aaravdhingra@yahoo.com,6882361387
Ela Vig,IN446,Mechanical,2nd,hdhingra@yahoo.com,+918009470710
Aayush Din,IN447,Biotechnology,1st,cdhaliwal@gmail.com,08719101713
Alisha Chander,IN448,Computer Science,1st,baliraghav@hotmail.com,02037766158
Khushi Butala,IN449,IT,1st,prisha04@hotmail.com,05740420717
Kaira Chand,IN450,IT,4th,anyabatta@hotmail.com,+919353518578
Ishita Bains,IN451,IT,4th,reyansh01@shukla.com,2425020729
Taran Gola,IN452,Mechanical,1st,nkeer@gole.com,02049921635
Damini Chahal,IN453,Data Science,1st,semaarav@gmail.com,03793313652
Ayesha Chad,IN454,Data Science,1st,ktoor@gmail.com,9800731021
Samar Kapoor,IN455,IT,1st,balaraunak@gopal.net,+913307653080
Hazel Ratti,IN456,IT,1st,butalakismat@gmail.com,+919518623760
Seher Venkataraman,IN457,Data Science,4th,bandinitara@yahoo.com,04208022462
Taimur Chowdhury,IN458,Civil,3rd,walialia@chad.com,08986392230
Jivin Sawhney,IN459,Computer Science,4th,riaan50@hotmail.com,+916989242414
Vanya Kapadia,IN460,Civil,1st,jivin24@yahoo.com,05362460224
Vanya Sinha,IN461,Mechanical,4th,lagansinghal@taneja.com,7489304840
Anika Ranganathan,IN462,Electronics,4th,ahana-sanghvi@hotmail.com,+915740416570
Vedika Luthra,IN463,Biotechnology,2nd,shalvbiswas@karpe.biz,5972180747
Zaina Vora,IN464,Data Science,3rd,chanderelakshi@banerjee.com,4484570867
Dharmajan Roy,IN465,Data Science,2nd,khushi29@gmail.com,+910121527277
Amira Srinivas,IN466,Biotechnology,1st,ulalla@hotmail.com,+912679773572
Shray Virk,IN467,Electronics,1st,tusharsagar@gmail.com,+918792616579
Shalv Venkataraman,IN468,Electronics,2nd,tararati@saini.com,0887943881
Ishaan Verma,IN469,Electronics,3rd,manjarideep@hotmail.com,6838479845
Rasha Amble,IN470,Data Science,4th,badalkismat@chokshi.net,9015934208
Priyansh Dada,IN471,Civil,2nd,gandhijayant@gmail.com,8035905673
Amani Sachdeva,IN472,Computer Science,1st,reyanshrajagopal@yahoo.com,+914685732033
Pari Chawla,IN473,Computer Science,3rd,gourayesha@gmail.com,1586165534
Pranay Karpe,IN474,IT,4th,kimayadyal@gmail.com,+916244002290
Anika Kashyap,IN475,Civil,4th,sahnivedika@yahoo.com,7676000910
Ishaan Gola,IN476,Electronics,4th,himmat54@gmail.com,04656916111
Rasha Bava,IN477,Mechanical,2nd,bailanahi@rao-wadhwa.com,09940611080
Indrans Dyal,IN478,Computer Science,3rd,dvarughese@virk.com,08234835442
Biju Sarraf,IN479,Computer Science,3rd,chauhanivan@lall.com,4708682655
Manjari Dora,IN480,Civil,3rd,evasridhar@gmail.com,03618569587
Indranil Basak,IN481,Biotechnology,1st,arnavdhar@kumar.biz,+912890442384
Siya Rama,IN482,Biotechnology,1st,kohliuthkarsh@yahoo.com,9819949270
Samiha Zacharia,IN483,Civil,4th,jayeshvasa@hotmail.com,4373962292
Nirvaan Borah,IN484,IT,3rd,ahana-trivedi@doshi.com,3872199388
Miraya Sha,IN485,Data Science,1st,borradamini@din.com,+919276139306
Damini Boase,IN486,Computer Science,3rd,jraju@gandhi.net,+913881635208
Sana Chaudhuri,IN487,Electronics,1st,fateh09@basu.com,+917497519822
Yasmin Srivastava,IN488,IT,3rd,madanadvik@yahoo.com,01418667013
Vivaan Sawhney,IN489,Data Science,1st,himmat44@yahoo.com,2310507829
Raghav Jha,IN490,Computer Science,1st,akorpal@gmail.com,0191751990
Hansh Sanghvi,IN491,Mechanical,4th,rheahayer@bhatnagar.com,5853718538
Shanaya Swaminathan,IN492,Mechanical,3rd,shalv99@hotmail.com,09032773077
Amira Yogi,IN493,Electronics,2nd,vthakur@yahoo.com,+913429697201
Uthkarsh Gade,IN494,Data Science,3rd,khatriaaina@gmail.com,00247841772
Drishya Kapoor,IN495,Electronics,2nd,mraval@yahoo.com,5204120351
Priyansh Randhawa,IN496,Mechanical,1st,neysa24@hotmail.com,6657404211
Samarth Dayal,IN497,Data Science,3rd,keyaroy@hotmail.com,7265210287
Arnav Sahni,IN498,Computer Science,3rd,zkurian@issac-bajaj.biz,04659191562
Mannat Mander,IN499,Electronics,1st,misha00@warrior-tiwari.biz,0867996591
Zain Dhawan,IN500,IT,4th,azadratti@yahoo.com,07445653705
